170,http://pbs.twimg.com/media/DsNcn37UcAAU3SM.jpg
141,http://pbs.twimg.com/media/DsM_TS4UUAE8z-D.jpg
34,http://pbs.twimg.com/media/DsLd2BTVsAAPEaI.jpg
50,http://pbs.twimg.com/media/DsLHYiCXoAElyxI.jpg
560,http://pbs.twimg.com/media/DsKugFFW0AIEBM3.jpg
170,http://pbs.twimg.com/media/DsNcn37UcAAU3SM.jpg
141,http://pbs.twimg.com/media/DsM_TS4UUAE8z-D.jpg
34,http://pbs.twimg.com/media/DsLd2BTVsAAPEaI.jpg
50,http://pbs.twimg.com/media/DsLHYiCXoAElyxI.jpg
560,http://pbs.twimg.com/media/DsKugFFW0AIEBM3.jpg
169,http://pbs.twimg.com/media/DsIFBuGWoAABLz3.jpg
263,http://pbs.twimg.com/media/DsGDbokU0AAjpsW.jpg
50,http://pbs.twimg.com/media/DsFqNJFVAAA6g23.jpg
38,http://pbs.twimg.com/media/DsErBUaXcAA4FFJ.jpg
36,http://pbs.twimg.com/media/DsDVjyiWsAAh12o.jpg
41,http://pbs.twimg.com/media/DsDKrf5XcAA1gCs.jpg
75,http://pbs.twimg.com/media/DsCZ6cXU0AAiCGJ.jpg
54,http://pbs.twimg.com/media/Dr_9fTYX0AUQ24o.jpg
